uniqueID,familyname,givenname,type
0_1,He,Rui,1
0_1,He,R,2
0_10,Li,Yan Vivian,1
0_10,Li,Yan,1
0_10,Li,Y,2
0_10,Li,YV,2
0_100,Liu,Xunying,1
0_100,Liu,Xy,2
0_100,Liu,X,2
0_101,Zheng,Zijian,1
0_101,Zheng,Zj,2
0_101,Zheng,Z,2
0_102,Wang,Huanchen,1
0_102,Wang,Hc,2
0_102,Wang,H,2
0_103,Xu,Ding,1
0_103,Xu,D,2
0_104,Hao,Nan,1
0_104,Hao,N,2
0_107,Chen,Yiwen,1
0_107,Chen,Yw,2
0_107,Chen,Y,2
0_108,Cao,Kan,1
0_108,Cao,K,2
0_11,Xiang,Chunhui,1
0_11,Xiang,Ch,2
0_11,Xiang,C,2
0_110,Zha,Shan,1
0_110,Zha,S,2
0_111,Zhang,Jiangwen,1
0_111,Zhang,Jw,2
0_111,Zhang,J,2
0_113,Yao,Shenqin,1
0_113,Yao,Sq,2
0_113,Yao,S,2
0_114,Xie,Huafeng,1
0_114,Xie,Hf,2
0_114,Xie,H,2
0_115,Liao,Jun,1
0_115,Liao,J,2
0_116,Yao,Guang,1
0_116,Yao,G,2
0_117,Liu,Ning,1
0_117,Liu,N,2
0_119,Wang,Feng,1
0_119,Wang,F,2
0_12,Qiu,Kaiyan,1
0_12,Qiu,Ky,2
0_12,Qiu,K,2
0_120,Ye,Tao,1
0_120,Ye,T,2
0_122,Yang,Yongjie,1
0_122,Yang,Yj,2
0_122,Yang,Y,2
0_123,Zhou,Wei,1
0_123,Zhou,W,2
0_124,Tang,Yizhe,1
0_124,Tang,Yz,2
0_124,Tang,Y,2
0_126,Liu,Xinli,1
0_126,Liu,Xl,2
0_126,Liu,X,2
0_128,Zhang,Zhou,1
0_128,Zhang,Z,2
0_129,Liu,Fu,1
0_129,Liu,F,2
0_13,Liu,Luqiao,1
0_13,Liu,Lq,2
0_13,Liu,L,2
0_130,Zhang,Baile,1
0_130,Zhang,Bl,2
0_130,Zhang,B,2
0_131,Xiao,Liang,1
0_131,Xiao,L,2
0_137,Ni,Ni,1
0_137,Ni,N,2
0_138,Dai,Weitao,1
0_138,Dai,Wt,2
0_138,Dai,W,2
0_139,Yao,Yongxin,1
0_139,Yao,Yx,2
0_139,Yao,Y,2
0_14,Cui,Yongtao,1
0_14,Cui,Yt,2
0_14,Cui,Y,2
0_140,Wang,Bingnan,1
0_140,Wang,BN,2
0_140,Wang,B,2
0_141,Zong,Xiaopeng,1
0_141,Zong,Xp,2
0_141,Zong,X,2
0_142,Xu,Xiaodong,1
0_142,Xu,Xd,2
0_142,Xu,X,2
0_144,Ruan,Xiulin,1
0_144,Ruan,Xl,2
0_144,Ruan,X,2
0_145,Wu,Yanwen,1
0_145,Wu,YW,2
0_145,Wu,Y,2
0_146,Sun,Yuze,1
0_146,Sun,Yz,2
0_146,Sun,Y,2
0_147,Yang,Shengyuan,1
0_147,Yang,Sy,2
0_147,Yang,S,2
0_148,Chen,Zhilei,1
0_148,Chen,Zl,2
0_148,Chen,Z,2
0_149,Zhang,Liangfang,1
0_149,Zhang,Lf,2
0_149,Zhang,L,2
0_15,Wang,Chen,1
0_15,Wang,C,2
0_150,Lu,Deyu,1
0_150,Lu,Dy,2
0_150,Lu,D,2
0_151,Yu,Yan,1
0_151,Yu,Y,2
0_152,Deng,Haiyao,1
0_152,Deng,Hy,2
0_152,Deng,H,2
0_153,Xia,Jing,1
0_153,Xia,J,2
0_154,Han,Ju,1
0_154,Han,J,2
0_156,Ni,Kaixuan,1
0_156,Ni,Kx,2
0_156,Ni,K,2
0_157,Lin,Meifeng,1
0_157,Lin,Mf,2
0_157,Lin,M,2
0_158,Wei,Peng,1
0_158,Wei,P,2
0_159,Yang,Zheng,1
0_159,Yang,Z,2
0_16,Ding,Keying,1
0_16,Ding,Ky,2
0_16,Ding,K,2
0_164,Liu,Yongmin,1
0_164,Liu,Ym,2
0_164,Liu,Y,2
0_165,Xu,Cenke,1
0_165,Xu,Ck,2
0_165,Xu,C,2
0_166,Qi,Yabing,1
0_166,Qi,Yb,2
0_166,Qi,Y,2
0_167,Fan,Rong,1
0_167,Fan,R,2
0_168,Li,Tianshu,1
0_168,Li,Ts,2
0_168,Li,T,2
0_169,Ma,Yiping,1
0_169,Ma,Yp,2
0_169,Ma,Y,2
0_17,Zheng,Yueli,1
0_17,Zheng,Yl,2
0_17,Zheng,Y,2
0_170,He,Qing,1
0_170,He,Q,2
0_171,Zhou,Qin,1
0_171,Zhou,Q,2
0_172,Ye,Ziliang,1
0_172,Ye,Zl,2
0_172,Ye,Z,2
0_173,Hu,Xunxiang,1
0_173,Hu,Xx,2
0_173,Hu,X,2
0_174,Feng,Xiaofeng,1
0_174,Feng,Xf,2
0_174,Feng,X,2
0_176,Yao,Yu,1
0_176,Yao,Y,2
0_177,Liu,Peter Q,1
0_177,Liu,Peter Qiang,1
0_177,Liu,PQ,2
0_177,Liu,P,2
0_179,Zhang,Zhili,1
0_179,Zhang,Zl,2
0_179,Zhang,Z,2
0_18,He,Lilin,1
0_18,He,Ll,2
0_18,He,L,2
0_180,Huang,Zhenhua,1
0_180,Huang,Zh,2
0_180,Huang,Z,2
0_186,Ma,Jiasen,1
0_186,Ma,Js,2
0_186,Ma,J,2
0_187,Li,Xin,1
0_187,Li,X,2
0_188,Zhang,Feng,1
0_188,Zhang,F,2
0_189,Xu,Xiaoshan,1
0_189,Xu,Xs,2
0_189,Xu,X,2
0_19,Guo,Fenghai,1
0_19,Guo,Fh,2
0_19,Guo,F,2
0_190,Liu,Peng,1
0_190,Liu,P,2
0_191,Tang,Rui,1
0_191,Tang,R,2
0_192,Zhou,Chuanzhen,1
0_192,Zhou,Cz,2
0_192,Zhou,C,2
0_193,Cai,Jianfeng,1
0_193,Cai,Jf,2
0_193,Cai,J,2
0_194,Xu,Junqian,1
0_194,Xu,Jq,2
0_194,Xu,J,2
0_195,Zhu,Mingming,1
0_195,Zhu,Mm,2
0_195,Zhu,M,2
0_2,Ni,Yi,1
0_2,Ni,Y,2
0_20,Zhang,Fuzhong,1
0_20,Zhang,Fz,2
0_20,Zhang,F,2
0_203,Chi,Yonggui,1
0_203,Chi,Yonggui Robin,1
0_203,Chi,YG,2
0_203,Chi,Y,2
0_203,Chi,YGR,2
0_204,Li,Wei,1
0_204,Li,W,2
0_205,Nie,Zhihong,1
0_205,Nie,Zh,2
0_205,Nie,Z,2
0_206,Wang,Mingfeng,1
0_206,Wang,Mf,2
0_206,Wang,M,2
0_211,YU,HB,2
0_211,YU,H,2
0_211,YU,HAIBO B,1
0_212,Yuan,Yu,1
0_212,Yuan,Y,2
0_213,Xie,Hao,1
0_213,Xie,H,2
0_214,Chen,Guoying,1
0_214,Chen,Gy,2
0_214,Chen,G,2
0_215,Zuo,Fan,1
0_215,Zuo,F,2
0_216,Zhao,Xiang,1
0_216,Zhao,X,2
0_218,Yan,Renbin,1
0_218,Yan,Rb,2
0_218,Yan,R,2
0_220,Tong,Mingjing,1
0_220,Tong,Mj,2
0_220,Tong,M,2
0_221,Guan,Bin,1
0_221,Guan,B,2
0_223,Liu,Junjie,1
0_223,Liu,Jj,2
0_223,Liu,J,2
0_224,Yuan,Tianle,1
0_224,Yuan,Tl,2
0_224,Yuan,T,2
0_225,He,Shaomei,1
0_225,He,Sm,2
0_225,He,S,2
0_226,Li,Lin,1
0_226,Li,L,2
0_227,Chi,Guangqing,1
0_227,Chi,Gq,2
0_227,Chi,G,2
0_228,Gong,Jie,1
0_228,Gong,J,2
0_229,Lei,Ting,1
0_229,Lei,Ting L,1
0_229,Lei,T,2
0_229,Lei,TL,2
0_231,Ma,Lin,1
0_231,Ma,L,2
0_232,Jin,Lixin,1
0_232,Jin,Lx,2
0_232,Jin,L,2
0_233,Yang,Hongfeng,1
0_233,Yang,Hf,2
0_233,Yang,H,2
0_234,Mao,Yi,1
0_234,Mao,Y,2
0_235,Lin,Dacheng,1
0_235,Lin,Dc,2
0_235,Lin,D,2
0_236,Yao,Fengchao,1
0_236,Yao,Fc,2
0_236,Yao,F,2
0_237,Zhang,Jun A,1
0_237,Zhang,JA,2
0_237,Zhang,J,2
0_238,Deng,Feng,1
0_238,Deng,F,2
0_24,Zhang,Na,1
0_24,Zhang,N,2
0_242,Liu,Xiaoguang,1
0_242,Liu,Xiaoguang Leo,1
0_242,Liu,XG,2
0_242,Liu,X,2
0_242,Liu,XGL,2
0_243,Liu,Zhengtong,1
0_243,Liu,Zt,2
0_243,Liu,Z,2
0_244,Ni,Xingjie,1
0_244,Ni,Xj,2
0_244,Ni,X,2
0_245,Wang,Yaguo,1
0_245,Wang,Yg,2
0_245,Wang,Y,2
0_246,Lu,Chao,1
0_246,Lu,C,2
0_247,Cai,Wenshan,1
0_247,Cai,Ws,2
0_247,Cai,W,2
0_249,Han,Zhu,1
0_249,Han,Z,2
0_25,Zhang,Qibin,1
0_25,Zhang,Qb,2
0_25,Zhang,Q,2
0_250,Duan,Lingze,1
0_250,Duan,Lz,2
0_250,Duan,L,2
0_251,Huang,Lejian,1
0_251,Huang,Lj,2
0_251,Huang,L,2
0_252,Wang,Lan,1
0_252,Wang,L,2
0_253,Wang,Fusheng,1
0_253,Wang,Fs,2
0_253,Wang,F,2
0_254,Chen,Deming,1
0_254,Chen,DM,2
0_254,Chen,D,2
0_255,Zhang,Beichuan,1
0_255,Zhang,Bc,2
0_255,Zhang,B,2
0_256,Zhang,Zhiru,1
0_256,Zhang,Zr,2
0_256,Zhang,Z,2
0_257,Liu,Youjian Eugene,1
0_257,Liu,Youjian,1
0_257,Liu,Y,2
0_257,Liu,YJ,2
0_257,Liu,YJE,2
0_258,Yu,Nanfang,1
0_258,Yu,Nf,2
0_258,Yu,N,2
0_259,Sun,Nan,1
0_259,Sun,N,2
0_26,Chen,Bin,1
0_26,Chen,B,2
0_260,Wang,Yalin,1
0_260,Wang,Yl,2
0_260,Wang,Y,2
0_264,Fu,Ye,1
0_264,Fu,Y,2
0_268,Wang,Yinghong,1
0_268,Wang,Yh,2
0_268,Wang,Y,2
0_269,Huang,Hao,1
0_269,Huang,H,2
0_27,Han,Mei,1
0_27,Han,M,2
0_271,Song,Yuanquan,1
0_271,Song,Yq,2
0_271,Song,Y,2
0_273,Ma,Li,1
0_273,Ma,L,2
0_279,Yin,Chunyue,1
0_279,Yin,Cy,2
0_279,Yin,C,2
0_28,Wang,Hailong,1
0_28,Wang,Hl,2
0_28,Wang,H,2
0_282,Shi,Shujie,1
0_282,Shi,Sj,2
0_282,Shi,S,2
0_283,Wang,Weiye,1
0_283,Wang,Wy,2
0_283,Wang,W,2
0_285,Ren,Hongxia,1
0_285,Ren,Hx,2
0_285,Ren,H,2
0_286,Cao,Qi,1
0_286,Cao,Q,2
0_288,Li,Xing,1
0_288,Li,X,2
0_29,Yang,Yuekui,1
0_29,Yang,Yk,2
0_29,Yang,Y,2
0_290,Dai,Wei,1
0_290,Dai,W,2
0_291,Qian,Li,1
0_291,Qian,L,2
0_293,Liu,Kun C,1
0_293,Liu,Kun Connie,1
0_293,Liu,KC,2
0_293,Liu,Kun,1
0_293,Liu,K,2
0_294,Gu,Liangcai,1
0_294,Gu,Lc,2
0_294,Gu,L,2
0_295,Ding,Yousong,1
0_295,Ding,Ys,2
0_295,Ding,Y,2
0_296,Zhang,Qi,1
0_296,Zhang,Q,2
0_297,Li,Gang,1
0_297,Li,G,2
0_299,Zhou,Yi,1
0_299,Zhou,Y,2
0_3,Liu,zhaowei,1
0_3,Liu,zw,2
0_3,Liu,z,2
0_30,Deng,Yi,1
0_30,Deng,Y,2
0_300,Shi,Yonggang,1
0_300,Shi,Yg,2
0_300,Shi,Y,2
0_301,Chen,Rong,1
0_301,Chen,R,2
0_302,Chen,Jing,1
0_302,Chen,J,2
0_303,Zhao,Yi,1
0_303,Zhao,Y,2
0_305,Chen,Hongtao,1
0_305,Chen,Ht,2
0_305,Chen,H,2
0_306,Xiong,Qihua,1
0_306,Xiong,Qh,2
0_306,Xiong,Q,2
0_308,Liao,Qian,1
0_308,Liao,Q,2
0_309,Yin,Xiaolong,1
0_309,Yin,Xl,2
0_309,Yin,X,2
0_312,Zhang,Nanyin,1
0_312,Zhang,Ny,2
0_312,Zhang,N,2
0_314,Pan,Tingrui,1
0_314,Pan,Tr,2
0_314,Pan,T,2
0_315,Zhang,Jie,1
0_315,Zhang,J,2
0_316,Cui,Jun,1
0_316,Cui,J,2
0_317,Hua,Jun,1
0_317,Hua,J,2
0_318,Liu,Yaohua,1
0_318,Liu,Yh,2
0_318,Liu,Y,2
0_319,Song,Na,1
0_319,Song,N,2
0_32,Tang,Shuo,1
0_32,Tang,S,2
0_320,Liu,Xuan,1
0_320,Liu,X,2
0_321,Yang,Xiaodong,1
0_321,Yang,Xd,2
0_321,Yang,X,2
0_322,Yin,Jie,1
0_322,Yin,J,2
0_323,Xu,Jie,1
0_323,Xu,J,2
0_324,Yao,Yan,1
0_324,Yao,Y,2
0_325,Hu,Liangbing,1
0_325,Hu,Lb,2
0_325,Hu,L,2
0_326,Huang,Jinsong,1
0_326,Huang,Js,2
0_326,Huang,J,2
0_33,Liu,Jianlin,1
0_33,Liu,Jl,2
0_33,Liu,J,2
0_332,Zhou,Xiangwei,1
0_332,Zhou,Xw,2
0_332,Zhou,X,2
0_333,Zhang,Zheshen,1
0_333,Zhang,Zs,2
0_333,Zhang,Z,2
0_334,Gao,Yi,1
0_334,Gao,Y,2
0_335,Dai,Rui,1
0_335,Dai,R,2
0_336,Sun,Zhi,1
0_336,Sun,Z,2
0_337,Lai,Wei,1
0_337,Lai,W,2
0_338,Zhang,Kechun,1
0_338,Zhang,Kc,2
0_338,Zhang,K,2
0_339,Cheng,Guangjun,1
0_339,Cheng,GJ,2
0_339,Cheng,G,2
0_34,Fang,Nicholas Xuanlai,1
0_34,Fang,Nicholas,1
0_34,Fang,Nicholas X,1
0_34,Fang,N,2
0_34,Fang,NX,2
0_34,Fang,NXL,2
0_340,Zhu,Jie,1
0_340,Zhu,J,2
0_342,Li,Xin,1
0_342,Li,X,2
0_343,Ma,Yanbao,1
0_343,Ma,Yb,2
0_343,Ma,Y,2
0_344,Yang,Bao,1
0_344,Yang,B,2
0_346,Huang,Tony Jun,1
0_346,Huang,Tony J,1
0_346,Huang,Tony,1
0_346,Huang,J,2
0_346,Huang,TJ,2
0_348,Zhang,Sufeng,1
0_348,Zhang,Sf,2
0_348,Zhang,S,2
0_349,Yang,Yu,1
0_349,Yang,Y,2
0_350,Sun,Zhihui,1
0_350,Sun,Zh,2
0_350,Sun,Z,2
0_351,Dong,Xiaojing,1
0_351,Dong,Xj,2
0_351,Dong,X,2
0_353,Wu,Jie,1
0_353,Wu,J,2
0_354,He,Qing,1
0_354,He,Q,2
0_356,Hu,binhui,1
0_356,Hu,bh,2
0_356,Hu,b,2
0_357,Li,Hengguang,1
0_357,Li,Hg,2
0_357,Li,H,2
0_358,Zhu,Yunrong,1
0_358,Zhu,Yr,2
0_358,Zhu,Y,2
0_359,Zhang,Ke,1
0_359,Zhang,K,2
0_36,Dou,Dejing,1
0_36,Dou,Dj,2
0_36,Dou,D,2
0_367,Li,Lei,1
0_367,Li,L,2
0_368,Li,Xiang,1
0_368,Li,X,2
0_369,Yi,Peng,1
0_369,Yi,P,2
0_37,Hu,JHENJIA,1
0_37,Hu,Jianjun,1
0_37,Hu,JJ,2
0_37,Hu,J,2
0_370,Jia,Xiaoting,1
0_370,Jia,Xt,2
0_370,Jia,X,2
0_372,Qin,Zhao,1
0_372,Qin,Z,2
0_373,Fan,Yue,1
0_373,Fan,Y,2
0_374,Xie,Yuanchang,1
0_374,Xie,Yc,2
0_374,Xie,Y,2
0_38,Xu,Jinsheng,1
0_38,Xu,Js,2
0_38,Xu,J,2
0_380,Mei,Tao,1
0_380,Mei,T,2
0_387,Yuan,yu,1
0_387,Yuan,y,2
0_389,Shi,Yiyu,1
0_389,Shi,Yy,2
0_389,Shi,Y,2
0_39,Yang,Baijian,1
0_39,Yang,Bj,2
0_39,Yang,B,2
0_390,Sun,Jianwei,1
0_390,Sun,Jw,2
0_390,Sun,J,2
0_391,Qiao,Daji,1
0_391,Qiao,Dj,2
0_391,Qiao,D,2
0_392,Xi,Bowei,1
0_392,Xi,Bw,2
0_392,Xi,B,2
0_393,Li,Dawen,1
0_393,Li,Dw,2
0_393,Li,D,2
0_394,Chen,Jihua,1
0_394,Chen,Jh,2
0_394,Chen,J,2
0_395,Chen,Shoushun,1
0_395,Chen,Ss,2
0_395,Chen,S,2
0_396,Wu,Yicong,1
0_396,Wu,Yc,2
0_396,Wu,Y,2
0_397,Zhang,Hualiang,1
0_397,Zhang,Hl,2
0_397,Zhang,H,2
0_401,Wang,Huamin,1
0_401,Wang,Hm,2
0_401,Wang,H,2
0_403,Gu,Guofei,1
0_403,Gu,Gf,2
0_403,Gu,G,2
0_405,Yang,Yaoqing,1
0_405,Yang,Yaoqing Lamar,1
0_405,Yang,Lamar Y,1
0_405,Yang,YQ,2
0_405,Yang,Y,2
0_407,Wang,Junmin,1
0_407,Wang,Jm,2
0_407,Wang,J,2
0_409,Wang,Alan X,1
0_409,Wang,Alan,1
0_409,Wang,Xiaolong,1
0_409,Wang,Alan Xiaolong,1
0_409,Wang,XL,2
0_409,Wang,AXL,2
0_409,Wang,X,2
0_41,Zhang,Jinghua,1
0_41,Zhang,Jh,2
0_41,Zhang,J,2
0_412,Sun,Liangfeng,1
0_412,Sun,Lf,2
0_412,Sun,L,2
0_413,Xiao,Di,1
0_413,Xiao,D,2
0_414,Zhou,Haidong,1
0_414,Zhou,Haidong D,1
0_414,Zhou,HD,2
0_414,Zhou,H,2
0_415,Zhang,Chuanwei,1
0_415,Zhang,Cw,2
0_415,Zhang,C,2
0_424,Shi,Min,1
0_424,Shi,M,2
0_426,Zhang,Liang,1
0_426,Zhang,L,2
0_427,Gao,Zhen,1
0_427,Gao,Z,2
0_428,Ye,Hui,1
0_428,Ye,H,2
0_43,Tang,Zuoyin,1
0_43,Tang,Zy,2
0_43,Tang,Z,2
0_430,Lian,Jun,1
0_430,Lian,J,2
0_431,Yu,Xiaojun,1
0_431,Yu,Xj,2
0_431,Yu,X,2
0_432,Fu,Xiaoan,1
0_432,Fu,Xa,2
0_432,Fu,X,2
0_433,Huang,Xiaosheng,1
0_433,Huang,Xs,2
0_433,Huang,X,2
0_434,Li,Tianshu,1
0_434,Li,Ts,2
0_434,Li,T,2
0_435,Wu,Yiying,1
0_435,Wu,Yy,2
0_435,Wu,Y,2
0_436,Wu,Junqiao,1
0_436,Wu,Jq,2
0_436,Wu,J,2
0_437,Fan,Rong,1
0_437,Fan,R,2
0_439,Yu,Xinwei,1
0_439,Yu,Xw,2
0_439,Yu,X,2
0_441,Liu,Xiaoyu,1
0_441,Liu,Xy,2
0_441,Liu,X,2
0_447,Zhao,Bin,1
0_447,Zhao,B,2
0_451,Yang,Hu,1
0_451,Yang,H,2
0_452,Zhu,Lei,1
0_452,Zhu,L,2
0_459,Tie,Yanmei,1
0_459,Tie,Ym,2
0_459,Tie,Y,2
0_467,Hu,Yongjie,1
0_467,Hu,Yj,2
0_467,Hu,Y,2
0_470,Shi,Min,1
0_470,Shi,M,2
0_472,Chen,Chunhui,1
0_472,Chen,Ch,2
0_472,Chen,C,2
0_476,Wei,Jianjun,1
0_476,Wei,JJ,2
0_476,Wei,J,2
0_477,Xiong,Hui Claire,1
0_477,Xiong,Hui,1
0_477,Xiong,H,2
0_477,Xiong,HC,2
0_479,Ye,Tao,1
0_479,Ye,T,2
0_482,Jin,Bangti,1
0_482,Jin,Bt,2
0_482,Jin,B,2
0_484,Li,Guoyin,1
0_484,Li,Gy,2
0_484,Li,G,2
0_485,Jin,Hanqing,1
0_485,Jin,Hq,2
0_485,Jin,H,2
0_486,Xu,Zuoquan,1
0_486,Xu,Zq,2
0_486,Xu,Z,2
0_487,Sun,Jianwei,1
0_487,Sun,Jw,2
0_487,Sun,J,2
0_488,Zhang,Nan,1
0_488,Zhang,N,2
0_489,Liu,Lin,1
0_489,Liu,L,2
0_490,Chen,Tong,1
0_490,Chen,T,2
0_491,Wang,Meng C,1
0_491,Wang,Meng,1
0_491,Wang,MC,2
0_491,Wang,M,2
0_492,Gu,Weifeng,1
0_492,Gu,Wf,2
0_492,Gu,W,2
0_494,Wang,Zuoheng,1
0_494,Wang,Zh,2
0_494,Wang,Z,2
0_495,Shi,Xinghua,1
0_495,Shi,Xh,2
0_495,Shi,X,2
0_496,Xia,Fangfang,1
0_496,Xia,Ff,2
0_496,Xia,F,2
0_5,Wu,Xifan,1
0_5,Wu,Xf,2
0_5,Wu,X,2
0_500,Yi,jingang,1
0_500,Yi,jg,2
0_500,Yi,j,2
0_501,Lin,Hao,1
0_501,Lin,H,2
0_502,Shi,Li,1
0_502,Shi,L,2
0_503,Luo,Cheng,1
0_503,Luo,C,2
0_505,Yan,Tingxin,1
0_505,Yan,Tx,2
0_505,Yan,T,2
0_51,Lu,Jiwei,1
0_51,Lu,Jw,2
0_51,Lu,J,2
0_510,Li,dan,1
0_510,Li,d,2
0_513,Zhang,Jinwei,1
0_513,Zhang,Jw,2
0_513,Zhang,J,2
0_515,Zhao,Jiangchao,1
0_515,Zhao,Jc,2
0_515,Zhao,J,2
0_518,Wang,Zeying,1
0_518,Wang,Zy,2
0_518,Wang,Z,2
0_52,Zeng,Hongbo,1
0_52,Zeng,Hb,2
0_52,Zeng,H,2
0_521,Chen,Duan,1
0_521,Chen,D,2
0_523,Jin,Fulai,1
0_523,Jin,Fl,2
0_523,Jin,F,2
0_524,Zhang,Wenjun,1
0_524,Zhang,Wj,2
0_524,Zhang,W,2
0_525,Pei,Liming,1
0_525,Pei,Lm,2
0_525,Pei,L,2
0_526,Yin,Jun,1
0_526,Yin,J,2
0_529,Tao,Jianning,1
0_529,Tao,Jn,2
0_529,Tao,J,2
0_53,Liu,Yang,1
0_53,Liu,Y,2
0_531,Wang,Chuan,1
0_531,Wang,C,2
0_534,Zhang,Xiaodong,1
0_534,Zhang,Xd,2
0_534,Zhang,X,2
0_535,Zhang,Hua,1
0_535,Zhang,H,2
0_536,Chen,Shengnan,1
0_536,Chen,Sn,2
0_536,Chen,S,2
0_537,Qin,Xiaosheng,1
0_537,Qin,Xs,2
0_537,Qin,X,2
0_538,Fan,Yi,1
0_538,Fan,Y,2
0_539,Qian,Qin,1
0_539,Qian,Q,2
0_540,He,Xiaozheng,1
0_540,He,Xz,2
0_540,He,X,2
0_541,Zhu,Shanjiang,1
0_541,Zhu,Sj,2
0_541,Zhu,S,2
0_542,Liu,Lingfeng,1
0_542,Liu,Lf,2
0_542,Liu,L,2
0_549,Xia,Guangrui Maggie,1
0_549,Xia,Guangrui,1
0_549,Xia,GM,2
0_549,Xia,GR,2
0_549,Xia,G,2
0_551,Zhang,Pei,1
0_551,Zhang,P,2
0_552,Lai,Keji,1
0_552,Lai,Kj,2
0_552,Lai,K,2
0_554,Xu,Jiang,1
0_554,Xu,J,2
0_555,Xia,Qiangfei,1
0_555,Xia,Qf,2
0_555,Xia,Q,2
0_556,Zhang,Wei,1
0_556,Zhang,W,2
0_562,Pei,Jinsong,1
0_562,Pei,Js,2
0_562,Pei,J,2
0_563,Diao,Yarui,1
0_563,Diao,Yr,2
0_563,Diao,Y,2
0_564,Cao,Mian,1
0_564,Cao,M,2
0_565,Xiao,Nan,1
0_565,Xiao,N,2
0_566,Wang,Kepeng,1
0_566,Wang,Kp,2
0_566,Wang,K,2
0_567,Fu,Hongjun,1
0_567,Fu,Hj,2
0_567,Fu,H,2
0_57,Wang,Wei,1
0_57,Wang,W,2
0_570,Yu,Zhibin,1
0_570,Yu,Zb,2
0_570,Yu,Z,2
0_571,Wang,Xiaolei,1
0_571,Wang,Xl,2
0_571,Wang,X,2
0_572,Chen,Zheng,1
0_572,Chen,Z,2
0_573,Tian,Wei,1
0_573,Tian,W,2
0_574,Li,Jie,1
0_574,Li,J,2
0_575,Gao,Feng,1
0_575,Gao,F,2
0_577,Xu,Jianbo,1
0_577,Xu,Jb,2
0_577,Xu,J,2
0_578,An,Liang,1
0_578,An,L,2
0_580,Zhang,Biao,1
0_580,Zhang,B,2
0_581,Li,Bo,1
0_581,Li,B,2
0_582,Yang,Xiaodong,1
0_582,Yang,Xd,2
0_582,Yang,X,2
0_586,Yan,Zheng,1
0_586,Yan,Z,2
0_587,Yao,Jun,1
0_587,Yao,J,2
0_588,Dong,Pei,1
0_588,Dong,P,2
0_589,Lu,Yang,1
0_589,Lu,Y,2
0_59,Lin,Guang,1
0_59,Lin,G,2
0_590,Le,Xiuning,1
0_590,Le,Xn,2
0_590,Le,X,2
0_592,Bao,Xiaomin,1
0_592,Bao,Xm,2
0_592,Bao,X,2
0_594,Fan,Chenguang,1
0_594,Fan,Cg,2
0_594,Fan,C,2
0_595,Zhang,Xiaoli,1
0_595,Zhang,Xl,2
0_595,Zhang,X,2
0_60,Xia,Shuman,1
0_60,Xia,Sm,2
0_60,Xia,S,2
0_611,Guo,Yi,1
0_611,Guo,Y,2
0_612,Liu,Xiaoying,1
0_612,Liu,Xy,2
0_612,Liu,X,2
0_613,Wang,Zhibin,1
0_613,Wang,Zb,2
0_613,Wang,Z,2
0_614,Ling,Jiqiang,1
0_614,Ling,Jq,2
0_614,Ling,J,2
0_615,Yan,Zhiyuan,1
0_615,Yan,Zy,2
0_615,Yan,Z,2
0_616,Ying,Lei,1
0_616,Ying,L,2
0_617,Wang,Lei,1
0_617,Wang,L,2
0_618,Liu,Tie,1
0_618,Liu,T,2
0_619,Huang,Kun,1
0_619,Huang,K,2
0_620,Jin,Xiaomin,1
0_620,Jin,Xm,2
0_620,Jin,X,2
0_621,Jiao,Dan,1
0_621,Jiao,D,2
0_622,Zou,Jun,1
0_622,Zou,J,2
0_623,Chen,Ken,1
0_623,Chen,K,2
0_624,Shen,Jiajian,1
0_624,Shen,Jj,2
0_624,Shen,J,2
0_626,Song,Guohui,1
0_626,Song,Gh,2
0_626,Song,G,2
0_627,Wang,Junling,1
0_627,Wang,Jl,2
0_627,Wang,J,2
0_628,Zheng,Haimei,1
0_628,Zheng,Hm,2
0_628,Zheng,H,2
0_630,Liu,Jiangchuan,1
0_630,Liu,Jc,2
0_630,Liu,J,2
0_632,Zhu,Chunxiang,1
0_632,Zhu,Cx,2
0_632,Zhu,C,2
0_633,Ma,Dongsheng,1
0_633,Ma,Dongsheng Brian,1
0_633,Ma,D Brian,1
0_633,Ma,DS,2
0_633,Ma,D,2
0_633,Ma,DB,2
0_635,Yu,Yan,1
0_635,Yu,Y,2
0_636,Wang,Bo,1
0_636,Wang,B,2
0_637,Yang,Jian,1
0_637,Yang,J,2
0_639,Xiao,Liang,1
0_639,Xiao,L,2
0_641,Zhang,Baile,1
0_641,Zhang,Bl,2
0_641,Zhang,B,2
0_648,Liu,Zhengtong,1
0_648,Liu,Zt,2
0_648,Liu,Z,2
0_649,Wang,Rongsheng E,1
0_649,Wang,Rongsheng,1
0_649,Wang,RE,2
0_649,Wang,R,2
0_649,Wang,RS,2
0_656,Xuan,Xiangchun,1
0_656,Xuan,Xc,2
0_656,Xuan,X,2
0_659,Zheng,Gang,1
0_659,Zheng,G,2
0_66,Liu,Wenxin,1
0_66,Liu,Wx,2
0_66,Liu,W,2
0_661,Sun,Lei,1
0_661,Sun,L,2
0_663,Li,Yi,1
0_663,Li,Y,2
0_665,Ye,Hui,1
0_665,Ye,H,2
0_666,Diao,Yarui,1
0_666,Diao,Yr,2
0_666,Diao,Y,2
0_667,Cao,Mian,1
0_667,Cao,M,2
0_669,Wang,Kepeng,1
0_669,Wang,Kp,2
0_669,Wang,K,2
0_67,Long,Yi,1
0_67,Long,Y,2
0_672,Niu,Yuran R,1
0_672,NIU,YURAN,1
0_672,NIU,YR,2
0_672,NIU,Y,2
0_674,Hong,Yuning,1
0_674,Hong,Yn,2
0_674,Hong,Ys,2
0_675,Lan,Yahui,1
0_675,Lan,Yh,2
0_675,Lan,Y,2
0_676,Zheng,Qingbin,1
0_676,Zheng,Qb,2
0_676,Zheng,Q,2
0_68,Li,Lan,1
0_68,Li,L,2
0_683,Fu,Hai,1
0_683,Fu,H,2
0_685,Li,Mingheng,1
0_685,Li,Mh,2
0_685,Li,M,2
0_687,Yao,Yan,1
0_687,Yao,Y,2
0_688,Huang,Jiaxing,1
0_688,Huang,Jx,2
0_688,Huang,J,2
0_690,Liu,Gao,1
0_690,Liu,G,2
0_691,Guo,Jiantao,1
0_691,Guo,Jt,2
0_691,Guo,J,2
0_692,Song,Xuezheng,1
0_692,Song,Xz,2
0_692,Song,X,2
0_693,Zhou,Wen,1
0_693,Zhou,W,2
0_694,Dong,Jianrong,1
0_694,Dong,Jr,2
0_694,Dong,J,2
0_696,Wang,Zhongming,1
0_696,Wang,Z,2
0_696,Wang,ZM,2
0_74,Chen,Cheng,1
0_74,Chen,C,2
0_75,Zhang,Kuilin,1
0_75,Zhang,Kl,2
0_75,Zhang,K,2
0_76,Xiao,Jianliang,1
0_76,Xiao,Jl,2
0_76,Xiao,J,2
0_77,Mao,Leidong,1
0_77,Mao,Ld,2
0_77,Mao,L,2
0_79,Qin,Xiaosheng,1
0_79,Qin,Xs,2
0_79,Qin,X,2
0_80,Kang,Qinjun,1
0_80,Kang,Qj,2
0_80,Kang,Q,2
0_81,Wu,Xiaoyi,1
0_81,Wu,Xy,2
0_81,Wu,X,2
0_82,Chen,Jun,1
0_82,Chen,J,2
0_83,Yu,Cheng,1
0_83,Yu,C,2
0_84,Zhao,Fu,1
0_84,Zhao,F,2
0_86,Huang,Qiang,1
0_86,Huang,Q,2
0_88,Qiao,Li,1
0_88,Qiao,L,2
0_89,Yang,Rusen,1
0_89,Yang,Rs,2
0_89,Yang,R,2
0_9,Yin,Peng,1
0_9,Yin,P,2
0_90,Cheng,Zhe,1
0_90,Cheng,Z,2
0_91,Peng,Fei,1
0_91,Peng,F,2
0_92,Huang,Bo,1
0_92,Huang,B,2
0_94,Wang,Dunwei,1
0_94,Wang,Dw,2
0_94,Wang,D,2
0_95,Tang,Weiping,1
0_95,Tang,Wp,2
0_95,Tang,W,2
0_96,Feng,Gang,1
0_96,Feng,G,2
0_97,Wang,Xiaokun Cara,1
0_97,Wang,Xiaokun,1
0_97,Wang,Cara,1
0_97,Wang,XKC,2
0_97,Wang,XC,2
0_97,Wang,X,2
0_97,Wang,C,2
0_98,Gong,Jie,1
0_98,Gong,J,2
1_1,Zhang,yuanbo,1
1_1,Zhang,yb,2
1_1,Zhang,y,2
1_10,xu,zhengfu,1
1_10,xu,zf,2
1_10,xu,z,2
1_100,Yu,yan,1
1_100,Yu,y,2
1_102,Hao,xiaotao,1
1_102,Hao,xt,2
1_102,Hao,x,2
1_107,Chen,rong,1
1_107,Chen,r,2
1_118,Cai,liang,1
1_118,Cai,l,2
1_120,Liu,zhenfeng,1
1_120,Liu,zf,2
1_120,Liu,z,2
1_122,Zhou,dawang,1
1_122,Zhou,dw,2
1_122,Zhou,d,2
1_123,cai,yu,1
1_123,cai,y,2
1_124,Guang,shouhong,1
1_124,Guang,sh,2
1_124,Guang,s,2
1_126,Zhang,huafeng,1
1_126,Zhang,hf,2
1_126,Zhang,h,2
1_127,Ma,jinbiao,1
1_127,Ma,jb,2
1_127,Ma,j,2
1_128,Sun,yujie,1
1_128,Sun,yj,2
1_128,Sun,y,2
1_129,Dai,junbiao,1
1_129,Dai,jb,2
1_129,Dai,j,2
1_130,Xue,gui,1
1_130,Xue,g,2
1_131,Zhang,Eric Erquan,1
1_131,Zhang,Erquan,1
1_131,Zhang,EQ,2
1_131,Zhang,EEQ,2
1_131,Zhang,EQE,2
1_131,Zhang,E,2
1_131,Zhang,Eric,1
1_131,Zhang,Eric E,1
1_131,Zhang,EE,2
1_133,Wang,xiaoqun,1
1_133,Wang,xq,2
1_133,Wang,x,2
1_134,Wu,yunkun,1
1_134,Wu,yk,2
1_134,Wu,y,2
1_135,Hou,baidong,1
1_135,Hou,bd,2
1_135,Hou,b,2
1_136,peng,guang,1
1_136,peng,g,2
1_142,Chang,xing,1
1_142,Chang,x,2
1_143,Tian,mei,1
1_143,Tian,m,2
1_144,Liu,ruochuan,1
1_144,Liu,rc,2
1_144,Liu,r,2
1_145,Li,yuan,1
1_145,Li,y,2
1_147,Jia,shuang,1
1_147,Jia,s,2
1_148,Cao,qinghong,1
1_148,Cao,qh,2
1_148,Cao,q,2
1_150,Sun,dong,1
1_150,Sun,d,2
1_151,Yu,jin,1
1_151,Yu,j,2
1_152,Zhang,jinxing,1
1_152,Zhang,jx,2
1_152,Zhang,j,2
1_155,Zhao,jun,1
1_155,Zhao,j,2
1_156,Xiu,faxian,1
1_156,Xiu,fx,2
1_156,Xiu,f,2
1_157,Xiao,bowen,1
1_157,Xiao,bw,2
1_157,Xiao,b,2
1_159,Miao,feng,1
1_159,Miao,f,2
1_160,Li,shaochun,1
1_160,Li,sc,2
1_160,Li,s,2
1_161,Yao,hong,1
1_161,Yao,h,2
1_163,Zhou,shuyun,1
1_163,Zhou,sy,2
1_163,Zhou,s,2
1_164,Yu,pu,1
1_164,Yu,p,2
1_165,Li,liang,1
1_165,Li,l,2
1_168,Zhong,jinqiang,1
1_168,Zhong,jq,2
1_168,Zhong,j,2
1_169,Ruan,zhichao,1
1_169,Ruan,zc,2
1_169,Ruan,z,2
1_17,Qian,jin,1
1_17,Qian,j,2
1_171,Xue,yongquan,1
1_171,Xue,yq,2
1_171,Xue,y,2
1_173,Yuan,junhua,1
1_173,Yuan,jh,2
1_173,Yuan,j,2
1_174,Zhu,wenguang,1
1_174,Zhu,wg,2
1_174,Zhu,w,2
1_175,zhang,peihong,1
1_175,zhang,ph,2
1_175,zhang,p,2
1_176,Zhao,gongbo,1
1_176,Zhao,gb,2
1_176,Zhao,g,2
1_177,Shu,Jing,1
1_177,Shu,J,2
1_178,Zhou,Sen,1
1_178,Zhou,S,2
1_179,Li,jingzhi,1
1_179,Li,jz,2
1_179,Li,j,2
1_18,Zheng,weizhe,1
1_18,Zheng,wz,2
1_18,Zheng,w,2
1_181,Zhang,liyuan,1
1_181,Zhang,ly,2
1_181,Zhang,l,2
1_183,Wang,Bo,1
1_183,Wang,B,2
1_184,Dong,angang,1
1_184,Dong,ag,2
1_184,Dong,a,2
1_185,Xie,zengqi,1
1_185,Xie,zq,2
1_185,Xie,z,2
1_186,Wan,Qian,1
1_186,Wan,Q,2
1_187,Lu,Wei,1
1_187,Lu,W,2
1_189,Wang,Jian,1
1_189,Wang,J,2
1_192,Yang,Cheng,1
1_192,Yang,C,2
1_193,Liu,Jian,1
1_193,Liu,J,2
1_194,Liu,Kun,1
1_194,Liu,K,2
1_195,Zheng,yanzhen,1
1_195,Zheng,yz,2
1_195,Zheng,y,2
1_196,Deng,xianming,1
1_196,Deng,xm,2
1_196,Deng,x,2
1_199,zheng,junrong,1
1_199,zheng,jr,2
1_199,zheng,j,2
1_200,Hu,kaifeng,1
1_200,Hu,kf,2
1_200,Hu,k,2
1_202,Chen,yiyun,1
1_202,Chen,yy,2
1_202,Chen,y,2
1_203,Tang,wenjun,1
1_203,Tang,wj,2
1_203,Tang,w,2
1_204,Ni,weihai,1
1_204,Ni,wh,2
1_204,Ni,w,2
1_205,Gong,hanyuan,1
1_205,Gong,hy,2
1_205,Gong,h,2
1_206,Du,wenbin,1
1_206,Du,wb,2
1_206,Du,w,2
1_21,Lai,yun,1
1_21,Lai,y,2
1_210,Wang,linghua,1
1_210,Wang,lh,2
1_210,Wang,l,2
1_211,zhou,ying,1
1_211,zhou,y,2
1_212,Zhou,xuhui,1
1_212,Zhou,xh,2
1_212,Zhou,x,2
1_213,Zhou,Lei,1
1_213,Zhou,L,2
1_214,chen,yin,1
1_214,chen,y,2
1_215,Gu,Cheng,1
1_215,Gu,C,2
1_216,liu,yang,1
1_216,liu,y,2
1_217,Lin,yanluan,1
1_217,Lin,yl,2
1_217,Lin,y,2
1_218,hu,qiang,1
1_218,hu,q,2
1_22,Xiong,yujie,1
1_22,Xiong,yj,2
1_22,Xiong,y,2
1_220,zeng,qinglu,1
1_220,zeng,ql,2
1_220,zeng,q,2
1_221,Shi,dalin,1
1_221,Shi,dl,2
1_221,Shi,d,2
1_222,Guan,qingfeng,1
1_222,Guan,qf,2
1_222,Guan,q,2
1_223,Mao,Zhu,1
1_223,Mao,Z,2
1_224,Liu,Rui,1
1_224,Liu,R,2
1_225,Ni,huaiwei,1
1_225,Ni,hw,2
1_225,Ni,h,2
1_227,Mu,Yang,1
1_227,Mu,Y,2
1_228,Chu,risheng,1
1_228,Chu,rs,2
1_228,Chu,r,2
1_23,Sun,junliang,1
1_23,Sun,jl,2
1_23,Sun,j,2
1_230,Liu,Ying,1
1_230,Liu,Ying D,1
1_230,Liu,Y,2
1_230,Liu,YD,2
1_231,Li,Qian P,1
1_231,Li,Qian,1
1_231,Li,QP,2
1_231,Li,Q,2
1_233,Feng,xiaojuan,1
1_233,Feng,xj,2
1_233,Feng,x,2
1_234,huang,jun,1
1_234,huang,j,2
1_237,xiao,ming,1
1_237,xiao,m,2
1_238,Ma,kaixue,1
1_238,Ma,kx,2
1_238,Ma,k,2
1_239,Hao,zhangcheng,1
1_239,Hao,zc,2
1_239,Hao,z,2
1_241,Xiao,shumin,1
1_241,Xiao,sm,2
1_241,Xiao,s,2
1_243,Wu,yanqing,1
1_243,Wu,yq,2
1_243,Wu,y,2
1_244,Chen,Min,1
1_244,Chen,M,2
1_247,Luo,jianwen,1
1_247,Luo,jw,2
1_247,Luo,j,2
1_248,Pei,Dan,1
1_248,Pei,D,2
1_250,Liang,xiaoyao,1
1_250,Liang,xy,2
1_250,Liang,x,2
1_253,Xu,wenyuan,1
1_253,Xu,wy,2
1_253,Xu,w,2
1_254,Chen,huanhuan,1
1_254,Chen,hh,2
1_254,Chen,h,2
1_255,xu,dong,1
1_255,xu,d,2
1_256,Liu,Jun,1
1_256,Liu,J,2
1_257,Tang,Jiang,1
1_257,Tang,J,2
1_258,yu,xin,1
1_258,yu,x,2
1_259,Wang,Miao,1
1_259,Wang,M,2
1_26,wu,jishan,1
1_26,wu,js,2
1_26,wu,j,2
1_261,Yi,chengqi,1
1_261,Yi,cq,2
1_261,Yi,c,2
1_264,Wang,Tao,1
1_264,Wang,T,2
1_266,Lu,boxun,1
1_266,Lu,bx,2
1_266,Lu,b,2
1_27,Du,pingwu,1
1_27,Du,pw,2
1_27,Du,p,2
1_271,Wang,hongwei,1
1_271,Wang,hw,2
1_271,Wang,h,2
1_272,Ding,zhaojun,1
1_272,Ding,zj,2
1_272,Ding,z,2
1_275,chen,guokai,1
1_275,chen,gk,2
1_275,chen,g,2
1_278,Sun,yangang,1
1_278,Sun,yg,2
1_278,Sun,y,2
1_279,Mao,zhiyong,1
1_279,Mao,zy,2
1_279,Mao,z,2
1_28,Wang,xinping,1
1_28,Wang,xp,2
1_28,Wang,x,2
1_281,Fang,weiguo,1
1_281,Fang,wg,2
1_281,Fang,w,2
1_282,Zhou,yudong,1
1_282,Zhou,yd,2
1_282,Zhou,y,2
1_283,Liu,pengyuan,1
1_283,Liu,py,2
1_283,Liu,p,2
1_288,Yang,zhenye,1
1_288,Yang,zy,2
1_288,Yang,z,2
1_289,Xue,Tian,1
1_289,Xue,T,2
1_290,han,renzhi,1
1_290,han,rz,2
1_290,han,r,2
1_291,Zhang,Yong E,1
1_291,Zhang,Yong,1
1_291,Zhang,YE,2
1_291,Zhang,Y,2
1_293,Wu,jianqiang,1
1_293,Wu,jq,2
1_293,Wu,j,2
1_294,Li,shengying,1
1_294,Li,sy,2
1_294,Li,s,2
1_298,Gu,Yong,1
1_298,Gu,Y,2
1_299,Lang,jingyu,1
1_299,Lang,jy,2
1_299,Lang,j,2
1_3,Tian,yichao,1
1_3,Tian,yc,2
1_3,Tian,y,2
1_300,liu,linbo,1
1_300,liu,lb,2
1_300,liu,l,2
1_303,Tian,Feng,1
1_303,Tian,F,2
1_308,Ding,keyue,1
1_308,Ding,ky,2
1_308,Ding,k,2
1_309,Li,Ye,1
1_309,Li,Y,2
1_31,Jiang,jun,1
1_31,Jiang,j,2
1_312,Liu,limin,1
1_312,Liu,lm,2
1_312,Liu,l,2
1_313,Xu,Wei,1
1_313,Xu,W,2
1_315,wen,haifang,1
1_315,wen,hf,2
1_315,wen,h,2
1_316,Liang,ziqi,1
1_316,Liang,zq,2
1_316,Liang,z,2
1_319,Zhu,qizhi,1
1_319,Zhu,qz,2
1_319,Zhu,q,2
1_32,Li,conggang,1
1_32,Li,cg,2
1_32,Li,c,2
1_320,Zhu,deju,1
1_320,Zhu,dj,2
1_320,Zhu,d,2
1_321,Song,lijun,1
1_321,Song,lj,2
1_321,Song,l,2
1_322,Feng,Kai,1
1_322,Feng,K,2
1_324,Wang,Shuai,1
1_324,Wang,S,2
1_325,yu,tao,1
1_325,yu,t,2
1_327,shan,jinjun,1
1_327,shan,jj,2
1_327,shan,j,2
1_328,Yang,Bin,1
1_328,Yang,B,2
1_329,You,xiaoqing,1
1_329,You,xq,2
1_329,You,x,2
1_33,Li,jianrong,1
1_33,Li,jr,2
1_33,Li,j,2
1_330,Ren,zhuyin,1
1_330,Ren,zy,2
1_330,Ren,z,2
1_331,Wang,wenhui,1
1_331,Wang,wh,2
1_331,Wang,w,2
1_332,Liang,dongfang,1
1_332,Liang,df,2
1_332,Liang,d,2
1_333,Zhao,xiaofeng,1
1_333,Zhao,xf,2
1_333,Zhao,x,2
1_334,YANG,JIMMY,1
1_334,YANG,JIAN,1
1_334,YANG,J,2
1_336,Dai,Feng,1
1_336,Dai,F,2
1_337,Huang,Jia,1
1_337,Huang,J,2
1_338,Huang,mingyuan,1
1_338,Huang,my,2
1_338,Huang,m,2
1_339,He,jiaqing,1
1_339,He,jq,2
1_339,He,j,2
1_340,Chen,Kai,1
1_340,Chen,K,2
1_341,zhang,shujun,1
1_341,zhang,sj,2
1_341,zhang,s,2
1_343,bao,qiaoliang,1
1_343,bao,ql,2
1_343,bao,q,2
1_344,Huang,guoqing,1
1_344,Huang,gq,2
1_344,Huang,g,2
1_345,Wang,Yong,1
1_345,Wang,Y,2
1_350,Zhu,yanwu,1
1_350,Zhu,yw,2
1_350,Zhu,y,2
1_351,Song,Li,1
1_351,Song,L,2
1_356,Ye,jichun,1
1_356,Ye,jc,2
1_356,Ye,j,2
1_36,Wu,changfeng,1
1_36,Wu,cf,2
1_36,Wu,c,2
1_361,Guo,zaoyang,1
1_361,Guo,zy,2
1_361,Guo,z,2
1_363,Chen,jianhao,1
1_363,Chen,jh,2
1_363,Chen,j,2
1_364,Zhang,Lei,1
1_364,Zhang,L,2
1_365,Quan,haitao,1
1_365,Quan,ht,2
1_365,Quan,h,2
1_366,Liu,Jian,1
1_366,Liu,J,2
1_367,Wang,zhiheng,1
1_367,Wang,zh,2
1_367,Wang,z,2
1_374,Yu,F Richard,1
1_374,Yu,F,2
1_374,Yu,FR,2
1_375,Xu,Ming,1
1_375,Xu,M,2
1_376,zhou,shiwei,1
1_376,zhou,sw,2
1_376,zhou,s,2
1_38,Tian,zhixin,1
1_38,Tian,zx,2
1_38,Tian,z,2
1_380,Zhou,tianfeng,1
1_380,Zhou,tf,2
1_380,Zhou,t,2
1_381,liu,yang,1
1_381,liu,y,2
1_385,Liu,Tao,1
1_385,Liu,T,2
1_386,Chen,xiaowei,1
1_386,Chen,xw,2
1_386,Chen,x,2
1_387,Ye,lilin,1
1_387,Ye,ll,2
1_387,Ye,l,2
1_388,Bi,Lei,1
1_388,Bi,L,2
1_389,Ye,zhirui,1
1_389,Ye,zr,2
1_389,Ye,z,2
1_390,wu,yinghao,1
1_390,wu,yh,2
1_390,wu,y,2
1_392,Wang,yajun,1
1_392,Wang,yj,2
1_392,Wang,y,2
1_393,Xu,Feng,1
1_393,Xu,F,2
1_394,zhi,chunyi,1
1_394,zhi,cy,2
1_394,zhi,c,2
1_396,Zheng,binglian,1
1_396,Zheng,bl,2
1_396,Zheng,b,2
1_397,Xue,Lei,1
1_397,Xue,L,2
1_398,Ni,Ting,1
1_398,Ni,T,2
1_4,Xu,chenyang,1
1_4,Xu,cy,2
1_4,Xu,c,2
1_40,Ma,nan,1
1_40,Ma,n,2
1_400,Xi,hengdong,1
1_400,Xi,hd,2
1_400,Xi,h,2
1_401,Liang,qiuhua,1
1_401,Liang,qh,2
1_401,Liang,q,2
1_402,Jiang,lijian,1
1_402,Jiang,lj,2
1_402,Jiang,l,2
1_403,Zhang,Han,1
1_403,Zhang,H,2
1_404,liu,yonghe,1
1_404,liu,yh,2
1_404,liu,y,2
1_41,Liang,xingguo,1
1_41,Liang,xg,2
1_41,Liang,x,2
1_410,Shu,xuewen,1
1_410,Shu,xw,2
1_410,Shu,x,2
1_412,Xu,jianfeng,1
1_412,Xu,jf,2
1_412,Xu,j,2
1_414,Liang,Li,1
1_414,Liang,L,2
1_415,Liang,yongye,1
1_415,Liang,yy,2
1_415,Liang,y,2
1_418,Cheng,Xing,1
1_418,Cheng,Xin,1
1_418,Cheng,X,2
1_42,Wu,decheng,1
1_42,Wu,dc,2
1_42,Wu,d,2
1_420,Wang,Rui,1
1_420,Wang,R,2
1_421,hu,jian,1
1_421,hu,j,2
1_422,Qiu,keping,1
1_422,Qiu,kp,2
1_422,Qiu,k,2
1_424,ge,haibo,1
1_424,ge,hb,2
1_424,ge,h,2
1_425,Yang,xiaozhi,1
1_425,Yang,xz,2
1_425,Yang,x,2
1_426,Yu,linwei,1
1_426,Yu,lw,2
1_426,Yu,l,2
1_427,Wu,jianxin,1
1_427,Wu,jx,2
1_427,Wu,j,2
1_428,Jiang,Wei,1
1_428,Jiang,W,2
1_430,Wei,Hui,1
1_430,Wei,H,2
1_434,Jiao,liying,1
1_434,Jiao,ly,2
1_434,Jiao,l,2
1_437,Ma,xiongfeng,1
1_437,Ma,xf,2
1_437,Ma,x,2
1_439,Zhai,tianyou,1
1_439,Zhai,ty,2
1_439,Zhai,t,2
1_44,Shen,bing,1
1_44,Shen,b,2
1_440,Xiao,bailong,1
1_440,Xiao,bl,2
1_440,Xiao,b,2
1_443,Qian,Feng,1
1_443,Qian,F,2
1_444,Xiang,Ye,1
1_444,Xiang,Y,2
1_445,Chen,Min,1
1_445,Chen,M,2
1_448,Luo,weidong,1
1_448,Luo,wd,2
1_448,Luo,w,2
1_449,Zhang,Jun,1
1_449,Zhang,J,2
1_45,Zhang,lin,1
1_45,Zhang,l,2
1_450,Yang,haijun,1
1_450,Yang,hj,2
1_450,Yang,h,2
1_451,Zhang,Lei,1
1_451,Zhang,L,2
1_452,Dan,yaping,1
1_452,Dan,yp,2
1_452,Dan,y,2
1_453,Guo,Qiang,1
1_453,Guo,Q,2
1_454,Zhu,Miao,1
1_454,Zhu,M,2
1_455,Xu,nanjie,1
1_455,Xu,nj,2
1_455,Xu,n,2
1_457,Su,Dan,1
1_457,Su,D,2
1_459,Xu,guoqiang,1
1_459,Xu,gq,2
1_459,Xu,g,2
1_46,Zhang,haijiang,1
1_46,Zhang,hj,2
1_46,Zhang,h,2
1_460,Li,xiaofeng,1
1_460,Li,xf,2
1_460,Li,x,2
1_461,Zhang,daihua,1
1_461,Zhang,dh,2
1_461,Zhang,d,2
1_462,Chen,Yan,1
1_462,Chen,Y,2
1_463,Pei,yanzhong,1
1_463,Pei,yz,2
1_463,Pei,y,2
1_465,tang,wenwu,1
1_465,tang,ww,2
1_465,tang,w,2
1_466,li,lijie,1
1_466,li,lj,2
1_466,li,l,2
1_467,Qu,yongquan,1
1_467,Qu,yq,2
1_467,Qu,y,2
1_468,Wei,xueyong,1
1_468,Wei,xy,2
1_468,Wei,x,2
1_47,Lei,jiuhou,1
1_47,Lei,jh,2
1_47,Lei,j,2
1_470,Wu,Qishi,1
1_470,Wu,Chase Qishi,1
1_470,Wu,CHASE Q,1
1_470,Wu,CHASE,1
1_470,Wu,Q,2
1_470,Wu,QS,2
1_470,Wu,QSC,2
1_472,xu,chenjie,1
1_472,xu,cj,2
1_472,xu,c,2
1_474,Yin,Yi,1
1_474,Yin,Y,2
1_476,Chen,Jian,1
1_476,Chen,J,2
1_477,Xie,Jin,1
1_477,Xie,J,2
1_478,Wang,fangwei,1
1_478,Wang,fw,2
1_478,Wang,f,2
1_479,Li,Feng,1
1_479,Li,F,2
1_48,Yao,huajian,1
1_48,Yao,hj,2
1_48,Yao,h,2
1_480,Zhao,Bo,1
1_480,Zhao,B,2
1_481,Huang,minxin,1
1_481,Huang,mx,2
1_481,Huang,m,2
1_482,gao,hao,1
1_482,gao,h,2
1_483,Li,Bin,1
1_483,Li,B,2
1_484,Sheng,Mao,1
1_484,Sheng,M,2
1_485,Yu,yugang,1
1_485,Yu,yg,2
1_485,Yu,y,2
1_486,Zeng,Jie,1
1_486,Zeng,J,2
1_487,Chen,changle,1
1_487,Chen,cl,2
1_487,Chen,c,2
1_488,Lu,junling,1
1_488,Lu,jl,2
1_488,Lu,j,2
1_489,Leng,Wei,1
1_489,Leng,W,2
1_490,Liu,suling,1
1_490,Liu,sl,2
1_490,Liu,s,2
1_491,Ding,Yong,1
1_491,Ding,Y,2
1_492,Xie,Zhi,1
1_492,Xie,Z,2
1_497,Lu,Jian,1
1_497,Lu,J,2
1_498,Liu,Jun,1
1_498,Liu,J,2
1_5,Lu,wei,1
1_5,Lu,w,2
1_50,Wang,lin,1
1_50,Wang,l,2
1_501,Zhao,tongbiao,1
1_501,Zhao,tb,2
1_501,Zhao,t,2
1_502,Zou,Zhen,1
1_502,Zou,Z,2
1_503,Xia,junqing,1
1_503,Xia,jq,2
1_503,Xia,j,2
1_504,Jiang,yuyan,1
1_504,Jiang,yy,2
1_504,Jiang,y,2
1_506,Gou,lijun,1
1_506,Gou,lj,2
1_506,Gou,l,2
1_508,Che,yanke,1
1_508,Che,yk,2
1_508,Che,y,2
1_509,An,Bo,1
1_509,An,B,2
1_51,Huang,wei,1
1_51,Huang,w,2
1_511,Chen,yongbin,1
1_511,Chen,yb,2
1_511,Chen,y,2
1_512,Wang,xiaoxue,1
1_512,Wang,xx,2
1_512,Wang,x,2
1_513,Wu,chengtie,1
1_513,Wu,ct,2
1_513,Wu,c,2
1_514,Zhang,haibing,1
1_514,Zhang,hb,2
1_514,Zhang,h,2
1_516,Hou,fajian,1
1_516,Hou,fj,2
1_516,Hou,f,2
1_517,Chen,Yong,1
1_517,Chen,Y,2
1_52,Wang,kaicun,1
1_52,Wang,kc,2
1_52,Wang,k,2
1_520,Huang,Wei,1
1_520,Huang,W,2
1_521,Liang,Chao,1
1_521,Liang,C,2
1_522,Liu,zhihua,1
1_522,Liu,zh,2
1_522,Liu,z,2
1_523,Zhou,Zheng,1
1_523,Zhou,Z,2
1_525,Zhou,xiaochun,1
1_525,Zhou,xc,2
1_525,Zhou,x,2
1_527,Yang,diansen,1
1_527,Yang,ds,2
1_527,Yang,d,2
1_528,Long,youwen,1
1_528,Long,yw,2
1_528,Long,y,2
1_529,Liu,huaping,1
1_529,Liu,hp,2
1_529,Liu,h,2
1_53,Huang,fang,1
1_53,Huang,f,2
1_530,lu,dongping,1
1_530,lu,dp,2
1_530,lu,d,2
1_531,Liu,lingli,1
1_531,Liu,ll,2
1_531,Liu,l,2
1_535,Zhong,dingyong,1
1_535,Zhong,dy,2
1_535,Zhong,d,2
1_536,Xu,liwei,1
1_536,Xu,lw,2
1_536,Xu,l,2
1_539,Liu,xiaoyun,1
1_539,Liu,xy,2
1_539,Liu,x,2
1_54,Li,chao,1
1_54,Li,c,2
1_541,Fu,engang,1
1_541,Fu,eg,2
1_541,Fu,e,2
1_545,Qiao,Bin,1
1_545,Qiao,B,2
1_546,Song,huichao,1
1_546,Song,hc,2
1_546,Song,h,2
1_549,Li,xiaoyan,1
1_549,Li,xy,2
1_549,Li,x,2
1_55,Cao,long,1
1_55,Cao,l,2
1_550,Zhang,yonghui,1
1_550,Zhang,yh,2
1_550,Zhang,y,2
1_551,Jia,yichang,1
1_551,Jia,yc,2
1_551,Jia,y,2
1_552,Xie,Wei,1
1_552,Xie,W,2
1_553,Liu,wanli,1
1_553,Liu,wl,2
1_553,Liu,w,2
1_554,Chen,ligong,1
1_554,Chen,lg,2
1_554,Chen,l,2
1_557,yi,ke,1
1_557,yi,k,2
1_558,Huang,longbo,1
1_558,Huang,lb,2
1_558,Huang,l,2
1_559,Xu,Wei,1
1_559,Xu,W,2
1_560,Sun,yanming,1
1_560,Sun,ym,2
1_560,Sun,y,2
1_561,Cai,yanpeng,1
1_561,Cai,yp,2
1_561,Cai,y,2
1_564,Zhao,weisheng,1
1_564,Zhao,ws,2
1_564,Zhao,w,2
1_567,Lin,zhongwei,1
1_567,Lin,zw,2
1_567,Lin,z,2
1_568,Xiang,shengchang,1
1_568,Xiang,sc,2
1_568,Xiang,s,2
1_569,Zhang,yuetao,1
1_569,Zhang,yt,2
1_569,Zhang,y,2
1_57,yang,fan,1
1_57,yang,f,2
1_570,Jia,Da,1
1_570,Jia,D,2
1_573,Tang,huajin,1
1_573,Tang,hj,2
1_573,Tang,h,2
1_574,zou,qingze,1
1_574,zou,qz,2
1_574,zou,q,2
1_575,wen,yonggang,1
1_575,wen,yg,2
1_575,wen,y,2
1_576,Liu,zhijun,1
1_576,Liu,zj,2
1_576,Liu,z,2
1_577,Wang,Yu,1
1_577,Wang,Y,2
1_578,zeng,haibo,1
1_578,zeng,hb,2
1_578,zeng,h,2
1_579,Wang,shuangyin,1
1_579,Wang,sy,2
1_579,Wang,s,2
1_58,Liu,liu,1
1_58,Liu,l,2
1_580,Liu,huabei,1
1_580,Liu,hb,2
1_580,Liu,h,2
1_581,Wang,Yan,1
1_581,Wang,Y,2
1_582,Xia,Fan,1
1_582,Xia,F,2
1_583,Luo,donggen,1
1_583,Luo,dg,2
1_583,Luo,d,2
1_584,Yu,Cong,1
1_584,Yu,C,2
1_585,Hu,honghong,1
1_585,Hu,hh,2
1_585,Hu,h,2
1_586,Li,guoliang,1
1_586,Li,gl,2
1_586,Li,g,2
1_587,Zhao,Ling,1
1_587,Zhao,L,2
1_588,Qin,guangyou,1
1_588,Qin,gy,2
1_588,Qin,g,2
1_589,Zhao,fuyun,1
1_589,Zhao,fy,2
1_589,Zhao,f,2
1_59,ren,wei,1
1_59,ren,w,2
1_590,Li,Hui,1
1_590,Li,H,2
1_591,Deng,Hexiang,1
1_591,Deng,Hx,2
1_591,Deng,H,2
1_592,Ni,Binbin,1
1_592,Ni,Bb,2
1_592,Ni,B,2
1_593,Yang,Yi,1
1_593,Yang,Y,2
1_594,Wang,Qian,1
1_594,Wang,Q,2
1_595,Wang,Tao,1
1_595,Wang,T,2
1_596,Qu,Rong,1
1_596,Qu,R,2
1_598,Zhang,Xiongwen,1
1_598,Zhang,Xw,2
1_598,Zhang,X,2
1_6,Chen,yuao,1
1_6,Chen,ya,2
1_6,Chen,y,2
1_602,Wang,Fengqiu,1
1_602,Wang,Fq,2
1_602,Wang,F,2
1_606,Sun,Jian,1
1_606,Sun,J,2
1_607,Zhang,Lijian,1
1_607,Zhang,Lj,2
1_607,Zhang,L,2
1_608,Zhang,Weihua,1
1_608,Zhang,Wh,2
1_608,Zhang,W,2
1_61,Zhong,sheng,1
1_61,Zhong,s,2
1_612,Yang,Lei,1
1_612,Yang,L,2
1_613,Lu,Guang,1
1_613,Lu,G,2
1_615,Chen,xinjian,1
1_615,Chen,xj,2
1_615,Chen,x,2
1_617,Sun,zhengzong,1
1_617,Sun,zz,2
1_617,Sun,z,2
1_619,Sun,Ning,1
1_619,Sun,N,2
1_62,Liu,yunhao,1
1_62,Liu,yh,2
1_62,Liu,y,2
1_621,Zhang,Zhiyong,1
1_621,Zhang,Zy,2
1_621,Zhang,Z,2
1_622,Xie,Chi,1
1_622,Xie,C,2
1_624,xu,xiaoyang,1
1_624,xu,xy,2
1_624,xu,x,2
1_625,zhou,kequan,1
1_625,zhou,kq,2
1_625,zhou,k,2
1_626,Zhao,Yixin,1
1_626,Zhao,Yx,2
1_626,Zhao,Y,2
1_631,Xiao,Hua,1
1_631,Xiao,H,2
1_633,Fan,Xinyu,1
1_633,Fan,Xy,2
1_633,Fan,X,2
1_634,Yu,Kai,1
1_634,Yu,K,2
1_635,Huang,Xiaodong,1
1_635,Huang,Xd,2
1_635,Huang,X,2
1_636,Chen,Jianjun,1
1_636,Chen,Jj,2
1_636,Chen,J,2
1_637,Xie,Hexin,1
1_637,Xie,Hx,2
1_637,Xie,H,2
1_638,Wu,Haibin,1
1_638,Wu,Hb,2
1_638,Wu,H,2
1_639,Liu,Haijiang,1
1_639,Liu,Hj,2
1_639,Liu,H,2
1_64,Yu,hongyu,1
1_64,Yu,hy,2
1_64,Yu,h,2
1_640,Qu,Xingda,1
1_640,Qu,Xd,2
1_640,Qu,X,2
1_641,Lu,Zhan,1
1_641,Lu,Z,2
1_643,Liu,Yang,1
1_643,Liu,Y,2
1_649,Zhao,Xiaodan,1
1_649,Zhao,Xd,2
1_649,Zhao,X,2
1_65,yan,pingkun,1
1_65,yan,pk,2
1_65,yan,p,2
1_652,Jiang,Wei,1
1_652,Jiang,W,2
1_653,Tan,Bin,1
1_653,Tan,B,2
1_66,Song,qinghai,1
1_66,Song,qh,2
1_66,Song,q,2
1_661,Xu,Hangxun,1
1_661,Xu,Hx,2
1_661,Xu,H,2
1_662,Huang,Guangming,1
1_662,Huang,Gm,2
1_662,Huang,G,2
1_663,Zhang,Wei,1
1_663,Zhang,W,2
1_664,Tao,Xin,1
1_664,Tao,X,2
1_668,Wang,Zuoqin,1
1_668,Wang,Zq,2
1_668,Wang,Z,2
1_670,Bao,Xiaohui,1
1_670,Bao,Xh,2
1_670,Bao,X,2
1_672,zhang,yingchun,1
1_672,zhang,yc,2
1_672,zhang,y,2
1_673,zhou,fei,1
1_673,zhou,f,2
1_675,Li,Ming,1
1_675,Li,M,2
1_680,Zhai,Junyi,1
1_680,Zhai,Jy,2
1_680,Zhai,J,2
1_681,Peng,Zhangquan,1
1_681,Peng,Zq,2
1_681,Peng,Z,2
1_683,Xiao,Hang,1
1_683,Xiao,H,2
1_685,Wang,Jie,1
1_685,Wang,J,2
1_686,Yan,Xuehai,1
1_686,Yan,Xh,2
1_686,Yan,X,2
1_688,Liu,Qingsong,1
1_688,Liu,Qs,2
1_688,Liu,Q,2
1_689,Jiao,Baowei,1
1_689,Jiao,Bw,2
1_689,Jiao,B,2
1_691,Jiang,Heqing,1
1_691,Jiang,Hq,2
1_691,Jiang,H,2
1_693,Xiao,Youli,1
1_693,Xiao,Yl,2
1_693,Xiao,Y,2
1_695,Xu,Xiaohong,1
1_695,Xu,Xh,2
1_695,Xu,X,2
1_696,Zou,Weiguo,1
1_696,Zou,Wg,2
1_696,Zou,W,2
1_697,Qian,Weiqiang,1
1_697,Qian,Wq,2
1_697,Qian,W,2
1_698,Pan,Lifeng,1
1_698,Pan,Lf,2
1_698,Pan,L,2
1_7,Yu,miao,1
1_7,Yu,m,2
1_700,chen,xiongwen,1
1_700,chen,xw,2
1_700,chen,x,2
1_701,Cao,Peng,1
1_701,Cao,P,2
1_703,Cheng,Jinguang,1
1_703,Cheng,Jg,2
1_703,Cheng,J,2
1_704,Jin,Kui,1
1_704,Jin,K,2
1_705,Liu,Liyu,1
1_705,Liu,Ly,2
1_705,Liu,L,2
1_709,Yang,Bin,1
1_709,Yang,B,2
1_71,Qing,anyong,1
1_71,Qing,ay,2
1_71,Qing,a,2
1_710,Yang,Yuanhe,1
1_710,Yang,Yh,2
1_710,Yang,Y,2
1_711,li,zhirong,1
1_711,li,zr,2
1_711,li,z,2
1_712,Ni,Dong,1
1_712,Ni,D,2
1_714,Li,Pinghua,1
1_714,Li,Ph,2
1_714,Li,P,2
1_718,Zhao,Nan,1
1_718,Zhao,N,2
1_72,Dai,yuanshun,1
1_72,Dai,ys,2
1_72,Dai,y,2
1_73,Fang,jun,1
1_73,Fang,j,2
1_74,wang,xin,1
1_74,wang,x,2
1_75,Ma,wanli,1
1_75,Ma,wl,2
1_75,Ma,w,2
1_76,Zhou,ping,1
1_76,Zhou,p,2
1_78,Li,qunyang,1
1_78,Li,qy,2
1_78,Li,q,2
1_8,Wang,jian,1
1_8,Wang,j,2
1_80,Cui,xudong,1
1_80,Cui,xd,2
1_80,Cui,x,2
1_81,Wang,moran,1
1_81,Wang,mr,2
1_81,Wang,m,2
1_82,Yu,haifeng,1
1_82,Yu,hf,2
1_82,Yu,h,2
1_83,Lu,xing,1
1_83,Lu,x,2
1_84,dong,mingdong,1
1_84,dong,md,2
1_84,dong,m,2
1_89,Lou,xiaojie,1
1_89,Lou,xj,2
1_89,Lou,x,2
1_90,shen,shihui,1
1_90,shen,sh,2
1_90,shen,s,2
1_91,Jin,chuanhong,1
1_91,Jin,ch,2
1_91,Jin,c,2
1_92,Yao,yao,1
1_92,Yao,y,2
1_94,Bai,yu,1
1_94,Bai,y,2
1_97,zhu,kai,1
1_97,zhu,k,2
1_99,Ren,xuehong,1
1_99,Ren,xh,2
1_99,Ren,x,2
